Workbook

Sheet 8月白班及加班统计
A1: 2026年8月考勤明细表（白班封顶12h/天，超出计加班；明细补卡后本表自动重算）
A2: 姓名 | B2: 上班天数 | C2: 白班 | D2: 加班 | E2: 合计 | G2: 姓名 | H2: 上班天数 | I2: 白班 | J2: 加班 | K2: 合计
A3: 杨秀联 | B3: =IF(COUNTIFS('每日明细'!$A$2:$A$1892,$A3,'每日明细'!$G$2:$G$1892,"正常")=0,"/",COUNTIFS('每日明细'!$A$2:$A$1892,$A3,'每日明细'!$G$2:$G$1892,"正常")) | C3: =IF($B3="/","/",SUMIFS('每日明细'!$K$2:$K$1892,'每日明细'!$A$2:$A$1892,$A3)) | D3: =IF($B3="/","/",SUMIFS('每日明细'!$L$2:$L$1892,'每日明细'!$A$2:$A$1892,$A3)) | E3: =IF($B3="/","/",$C3+$D3) | G3: 张恩兵 | H3: =IF(COUNTIFS('每日明细'!$A$2:$A$1892,$G3,'每日明细'!$G$2:$G$1892,"正常")=0,"/",COUNTIFS('每日明细'!$A$2:$A$1892,$G3,'每日明细'!$G$2:$G$1892,"正常")) | I3: =IF($H3="/","/",SUMIFS('每日明细'!$K$2:$K$1892,'每日明细'!$A$2:$A$1892,$G3)) | J3: =IF($H3="/","/",SUMIFS('每日明细'!$L$2:$L$1892,'每日明细'!$A$2:$A$1892,$G3)) | K3: =IF($H3="/","/",$I3+$J3)
A4: 宋龙元 | B4: =IF(COUNTIFS('每日明细'!$A$2:$A$1892,$A4,'每日明细'!$G$2:$G$1892,"正常")=0,"/",COUNTIFS('每日明细'!$A$2:$A$1892,$A4,'每日明细'!$G$2:$G$1892,"正常")) | C4: =IF($B4="/","/",SUMIFS('每日明细'!$K$2:$K$1892,'每日明细'!$A$2:$A$1892,$A4)) | D4: =IF($B4="/","/",SUMIFS('每日明细'!$L$2:$L$1892,'每日明细'!$A$2:$A$1892,$A4)) | E4: =IF($B4="/","/",$C4+$D4) | G4: 何开伦 | H4: =IF(COUNTIFS('每日明细'!$A$2:$A$1892,$G4,'每日明细'!$G$2:$G$1892,"正常")=0,"/",COUNTIFS('每日明细'!$A$2:$A$1892,$G4,'每日明细'!$G$2:$G$1892,"正常")) | I4: =IF($H4="/","/",SUMIFS('每日明细'!$K$2:$K$1892,'每日明细'!$A$2:$A$1892,$G4)) | J4: =IF($H4="/","/",SUMIFS('每日明细'!$L$2:$L$1892,'每日明细'!$A$2:$A$1892,$G4)) | K4: =IF($H4="/","/",$I4+$J4)
A5: 李露 | B5: =IF(COUNTIFS('每日明细'!$A$2:$A$1892,$A5,'每日明细'!$G$2:$G$1892,"正常")=0,"/",COUNTIFS('每日明细'!$A$2:$A$1892,$A5,'每日明细'!$G$2:$G$1892,"正常")) | C5: =IF($B5="/","/",SUMIFS('每日明细'!$K$2:$K$1892,'每日明细'!$A$2:$A$1892,$A5)) | D5: =IF($B5="/","/",SUMIFS('每日明细'!$L$2:$L$1892,'每日明细'!$A$2:$A$1892,$A5)) | E5: =IF($B5="/","/",$C5+$D5) | G5: 李小俐 | H5: =IF(COUNTIFS('每日明细'!$A$2:$A$1892,$G5,'每日明细'!$G$2:$G$1892,"正常")=0,"/",COUNTIFS('每日明细'!$A$2:$A$1892,$G5,'每日明细'!$G$2:$G$1892,"正常")) | I5: =IF($H5="/","/",SUMIFS('每日明细'!$K$2:$K$1892,'每日明细'!$A$2:$A$1892,$G5)) | J5: =IF($H5="/","/",SUMIFS('每日明细'!$L$2:$L$1892,'每日明细'!$A$2:$A$1892,$G5)) | K5: =IF($H5="/","/",$I5+$J5)
A6: 熊其容 | B6: =IF(COUNTIFS('每日明细'!$A$2:$A$1892,$A6,'每日明细'!$G$2:$G$1892,"正常")=0,"/",COUNTIFS('每日明细'!$A$2:$A$1892,$A6,'每日明细'!$G$2:$G$1892,"正常")) | C6: =IF($B6="/","/",SUMIFS('每日明细'!$K$2:$K$1892,'每日明细'!$A$2:$A$1892,$A6)) | D6: =IF($B6="/","/",SUMIFS('每日明细'!$L$2:$L$1892,'每日明细'!$A$2:$A$1892,$A6)) | E6: =IF($B6="/","/",$C6+$D6) | G6: 李厚强 | H6: =IF(COUNTIFS('每日明细'!$A$2:$A$1892,$G6,'每日明细'!$G$2:$G$1892,"正常")=0,"/",COUNTIFS('每日明细'!$A$2:$A$1892,$G6,'每日明细'!$G$2:$G$1892,"正常")) | I6: =IF($H6="/","/",SUMIFS('每日明细'!$K$2:$K$1892,'每日明细'!$A$2:$A$1892,$G6)) | J6: =IF($H6="/","/",SUMIFS('每日明细'!$L$2:$L$1892,'每日明细'!$A$2:$A$1892,$G6)) | K6: =IF($H6="/","/",$I6+$J6)
A7: 范云 | B7: =IF(COUNTIFS('每日明细'!$A$2:$A$1892,$A7,'每日明细'!$G$2:$G$1892,"正常")=0,"/",COUNTIFS('每日明细'!$A$2:$A$1892,$A7,'每日明细'!$G$2:$G$1892,"正常")) | C7: =IF($B7="/","/",SUMIFS('每日明细'!$K$2:$K$1892,'每日明细'!$A$2:$A$1892,$A7)) | D7: =IF($B7="/","/",SUMIFS('每日明细'!$L$2:$L$1892,'每日明细'!$A$2:$A$1892,$A7)) | E7: =IF($B7="/","/",$C7+$D7) | G7: 刘常谦 | H7: =IF(COUNTIFS('每日明细'!$A$2:$A$1892,$G7,'每日明细'!$G$2:$G$1892,"正常")=0,"/",COUNTIFS('每日明细'!$A$2:$A$1892,$G7,'每日明细'!$G$2:$G$1892,"正常")) | I7: =IF($H7="/","/",SUMIFS('每日明细'!$K$2:$K$1892,'每日明细'!$A$2:$A$1892,$G7)) | J7: =IF($H7="/","/",SUMIFS('每日明细'!$L$2:$L$1892,'每日明细'!$A$2:$A$1892,$G7)) | K7: =IF($H7="/","/",$I7+$J7)
A8: 沈学富 | B8: =IF(COUNTIFS('每日明细'!$A$2:$A$1892,$A8,'每日明细'!$G$2:$G$1892,"正常")=0,"/",COUNTIFS('每日明细'!$A$2:$A$1892,$A8,'每日明细'!$G$2:$G$1892,"正常")) | C8: =IF($B8="/","/",SUMIFS('每日明细'!$K$2:$K$1892,'每日明细'!$A$2:$A$1892,$A8)) | D8: =IF($B8="/","/",SUMIFS('每日明细'!$L$2:$L$1892,'每日明细'!$A$2:$A$1892,$A8)) | E8: =IF($B8="/","/",$C8+$D8) | G8: 王召会 | H8: =IF(COUNTIFS('每日明细'!$A$2:$A$1892,$G8,'每日明细'!$G$2:$G$1892,"正常")=0,"/",COUNTIFS('每日明细'!$A$2:$A$1892,$G8,'每日明细'!$G$2:$G$1892,"正常")) | I8: =IF($H8="/","/",SUMIFS('每日明细'!$K$2:$K$1892,'每日明细'!$A$2:$A$1892,$G8)) | J8: =IF($H8="/","/",SUMIFS('每日明细'!$L$2:$L$1892,'每日明细'!$A$2:$A$1892,$G8)) | K8: =IF($H8="/","/",$I8+$J8)
A9: 曾德双 | B9: =IF(COUNTIFS('每日明细'!$A$2:$A$1892,$A9,'每日明细'!$G$2:$G$1892,"正常")=0,"/",COUNTIFS('每日明细'!$A$2:$A$1892,$A9,'每日明细'!$G$2:$G$1892,"正常")) | C9: =IF($B9="/","/",SUMIFS('每日明细'!$K$2:$K$1892,'每日明细'!$A$2:$A$1892,$A9)) | D9: =IF($B9="/","/",SUMIFS('每日明细'!$L$2:$L$1892,'每日明细'!$A$2:$A$1892,$A9)) | E9: =IF($B9="/","/",$C9+$D9) | G9: 岳安容 | H9: =IF(COUNTIFS('每日明细'!$A$2:$A$1892,$G9,'每日明细'!$G$2:$G$1892,"正常")=0,"/",COUNTIFS('每日明细'!$A$2:$A$1892,$G9,'每日明细'!$G$2:$G$1892,"正常")) | I9: =IF($H9="/","/",SUMIFS('每日明细'!$K$2:$K$1892,'每日明细'!$A$2:$A$1892,$G9)) | J9: =IF($H9="/","/",SUMIFS('每日明细'!$L$2:$L$1892,'每日明细'!$A$2:$A$1892,$G9)) | K9: =IF($H9="/","/",$I9+$J9)
A10: 喻碧 | B10: =IF(COUNTIFS('每日明细'!$A$2:$A$1892,$A10,'每日明细'!$G$2:$G$1892,"正常")=0,"/",COUNTIFS('每日明细'!$A$2:$A$1892,$A10,'每日明细'!$G$2:$G$1892,"正常")) | C10: =IF($B10="/","/",SUMIFS('每日明细'!$K$2:$K$1892,'每日明细'!$A$2:$A$1892,$A10)) | D10: =IF($B10="/","/",SUMIFS('每日明细'!$L$2:$L$1892,'每日明细'!$A$2:$A$1892,$A10)) | E10: =IF($B10="/","/",$C10+$D10) | G10: 陈善芳 | H10: =IF(COUNTIFS('每日明细'!$A$2:$A$1892,$G10,'每日明细'!$G$2:$G$1892,"正常")=0,"/",COUNTIFS('每日明细'!$A$2:$A$1892,$G10,'每日明细'!$G$2:$G$1892,"正常")) | I10: =IF($H10="/","/",SUMIFS('每日明细'!$K$2:$K$1892,'每日明细'!$A$2:$A$1892,$G10)) | J10: =IF($H10="/","/",SUMIFS('每日明细'!$L$2:$L$1892,'每日明细'!$A$2:$A$1892,$G10)) | K10: =IF($H10="/","/",$I10+$J10)
A11: 董世会 | B11: =IF(COUNTIFS('每日明细'!$A$2:$A$1892,$A11,'每日明细'!$G$2:$G$1892,"正常")=0,"/",COUNTIFS('每日明细'!$A$2:$A$1892,$A11,'每日明细'!$G$2:$G$1892,"正常")) | C11: =IF($B11="/","/",SUMIFS('每日明细'!$K$2:$K$1892,'每日明细'!$A$2:$A$1892,$A11)) | D11: =IF($B11="/","/",SUMIFS('每日明细'!$L$2:$L$1892,'每日明细'!$A$2:$A$1892,$A11)) | E11: =IF($B11="/","/",$C11+$D11) | G11: 钟富菊 | H11: =IF(COUNTIFS('每日明细'!$A$2:$A$1892,$G11,'每日明细'!$G$2:$G$1892,"正常")=0,"/",COUNTIFS('每日明细'!$A$2:$A$1892,$G11,'每日明细'!$G$2:$G$1892,"正常")) | I11: =IF($H11="/","/",SUMIFS('每日明细'!$K$2:$K$1892,'每日明细'!$A$2:$A$1892,$G11)) | J11: =IF($H11="/","/",SUMIFS('每日明细'!$L$2:$L$1892,'每日明细'!$A$2:$A$1892,$G11)) | K11: =IF($H11="/","/",$I11+$J11)
A12: 蹇泽会 | B12: =IF(COUNTIFS('每日明细'!$A$2:$A$1892,$A12,'每日明细'!$G$2:$G$1892,"正常")=0,"/",COUNTIFS('每日明细'!$A$2:$A$1892,$A12,'每日明细'!$G$2:$G$1892,"正常")) | C12: =IF($B12="/","/",SUMIFS('每日明细'!$K$2:$K$1892,'每日明细'!$A$2:$A$1892,$A12)) | D12: =IF($B12="/","/",SUMIFS('每日明细'!$L$2:$L$1892,'每日明细'!$A$2:$A$1892,$A12)) | E12: =IF($B12="/","/",$C12+$D12) | G12: 吴光德 | H12: =IF(COUNTIFS('每日明细'!$A$2:$A$1892,$G12,'每日明细'!$G$2:$G$1892,"正常")=0,"/",COUNTIFS('每日明细'!$A$2:$A$1892,$G12,'每日明细'!$G$2:$G$1892,"正常")) | I12: =IF($H12="/","/",SUMIFS('每日明细'!$K$2:$K$1892,'每日明细'!$A$2:$A$1892,$G12)) | J12: =IF($H12="/","/",SUMIFS('每日明细'!$L$2:$L$1892,'每日明细'!$A$2:$A$1892,$G12)) | K12: =IF($H12="/","/",$I12+$J12)
A13: 沈俊维 | B13: =IF(COUNTIFS('每日明细'!$A$2:$A$1892,$A13,'每日明细'!$G$2:$G$1892,"正常")=0,"/",COUNTIFS('每日明细'!$A$2:$A$1892,$A13,'每日明细'!$G$2:$G$1892,"正常")) | C13: =IF($B13="/","/",SUMIFS('每日明细'!$K$2:$K$1892,'每日明细'!$A$2:$A$1892,$A13)) | D13: =IF($B13="/","/",SUMIFS('每日明细'!$L$2:$L$1892,'每日明细'!$A$2:$A$1892,$A13)) | E13: =IF($B13="/","/",$C13+$D13) | G13: 王林维 | H13: =IF(COUNTIFS('每日明细'!$A$2:$A$1892,$G13,'每日明细'!$G$2:$G$1892,"正常")=0,"/",COUNTIFS('每日明细'!$A$2:$A$1892,$G13,'每日明细'!$G$2:$G$1892,"正常")) | I13: =IF($H13="/","/",SUMIFS('每日明细'!$K$2:$K$1892,'每日明细'!$A$2:$A$1892,$G13)) | J13: =IF($H13="/","/",SUMIFS('每日明细'!$L$2:$L$1892,'每日明细'!$A$2:$A$1892,$G13)) | K13: =IF($H13="/","/",$I13+$J13)
A14: 杨金玉 | B14: =IF(COUNTIFS('每日明细'!$A$2:$A$1892,$A14,'每日明细'!$G$2:$G$1892,"正常")=0,"/",COUNTIFS('每日明细'!$A$2:$A$1892,$A14,'每日明细'!$G$2:$G$1892,"正常")) | C14: =IF($B14="/","/",SUMIFS('每日明细'!$K$2:$K$1892,'每日明细'!$A$2:$A$1892,$A14)) | D14: =IF($B14="/","/",SUMIFS('每日明细'!$L$2:$L$1892,'每日明细'!$A$2:$A$1892,$A14)) | E14: =IF($B14="/","/",$C14+$D14) | G14: 李树梅 | H14: =IF(COUNTIFS('每日明细'!$A$2:$A$1892,$G14,'每日明细'!$G$2:$G$1892,"正常")=0,"/",COUNTIFS('每日明细'!$A$2:$A$1892,$G14,'每日明细'!$G$2:$G$1892,"正常")) | I14: =IF($H14="/","/",SUMIFS('每日明细'!$K$2:$K$1892,'每日明细'!$A$2:$A$1892,$G14)) | J14: =IF($H14="/","/",SUMIFS('每日明细'!$L$2:$L$1892,'每日明细'!$A$2:$A$1892,$G14)) | K14: =IF($H14="/","/",$I14+$J14)
... A32: 曾德秀 | B32: =IF(COUNTIFS('每日明细'!$A$2:$A$1892,$A32,'每日明细'!$G$2:$G$1892,"正常")=0,"/",COUNTIFS('每日明细'!$A$2:$A$1892,$A32,'每日明细'!$G$2:$G$1892,"正常")) | C32: =IF($B32="/","/",SUMIFS('每日明细'!$K$2:$K$1892,'每日明细'!$A$2:$A$1892,$A32)) | D32: =IF($B32="/","/",SUMIFS('每日明细'!$L$2:$L$1892,'每日明细'!$A$2:$A$1892,$A32)) | E32: =IF($B32="/","/",$C32+$D32) | G32: 黎应菊 | H32: =IF(COUNTIFS('每日明细'!$A$2:$A$1892,$G32,'每日明细'!$G$2:$G$1892,"正常")=0,"/",COUNTIFS('每日明细'!$A$2:$A$1892,$G32,'每日明细'!$G$2:$G$1892,"正常")) | I32: =IF($H32="/","/",SUMIFS('每日明细'!$K$2:$K$1892,'每日明细'!$A$2:$A$1892,$G32)) | J32: =IF($H32="/","/",SUMIFS('每日明细'!$L$2:$L$1892,'每日明细'!$A$2:$A$1892,$G32)) | K32: =IF($H32="/","/",$I32+$J32)
A33: 杨泽菊 | B33: =IF(COUNTIFS('每日明细'!$A$2:$A$1892,$A33,'每日明细'!$G$2:$G$1892,"正常")=0,"/",COUNTIFS('每日明细'!$A$2:$A$1892,$A33,'每日明细'!$G$2:$G$1892,"正常")) | C33: =IF($B33="/","/",SUMIFS('每日明细'!$K$2:$K$1892,'每日明细'!$A$2:$A$1892,$A33)) | D33: =IF($B33="/","/",SUMIFS('每日明细'!$L$2:$L$1892,'每日明细'!$A$2:$A$1892,$A33)) | E33: =IF($B33="/","/",$C33+$D33)

Sheet 每日明细
A1: 姓名 | B1: 日期 | C1: 星期 | D1: 当日打卡 | E1: 首卡 | F1: 末卡 | G1: 状态 | H1: 跨度(分钟) | I1: 跨度(h) | J1: 取整工时 | K1: 白班 | L1: 加班
A2: 杨秀联 | B2: 8/1 | C2: 六 | D2: 07:58 17:02 | E2: 0.33194444 | F2: 0.70972222 | G2: =IF($E2="","空卡",IF($F2="","单卡","正常")) | H2: =IF($G2="正常",ROUND(($F2-$E2)*1440,0),"") | I2: =IF($G2="正常",$H2/60,"") | J2: =IF($G2="正常",ROUND($H2/30,0)/2,"") | K2: =IF($G2="正常",MIN($J2,12),"") | L2: =IF($G2="正常",MAX($J2-12,0),"")
A3: 杨秀联 | B3: 8/2 | C3: 日 | D3: 07:57 | E3: 0.33125 | G3: =IF($E3="","空卡",IF($F3="","单卡","正常")) | H3: =IF($G3="正常",ROUND(($F3-$E3)*1440,0),"") | I3: =IF($G3="正常",$H3/60,"") | J3: =IF($G3="正常",ROUND($H3/30,0)/2,"") | K3: =IF($G3="正常",MIN($J3,12),"") | L3: =IF($G3="正常",MAX($J3-12,0),"")
A4: 杨秀联 | B4: 8/3 | C4: 一 | D4: 08:27 15:36 | E4: 0.35208333 | F4: 0.65 | G4: =IF($E4="","空卡",IF($F4="","单卡","正常")) | H4: =IF($G4="正常",ROUND(($F4-$E4)*1440,0),"") | I4: =IF($G4="正常",$H4/60,"") | J4: =IF($G4="正常",ROUND($H4/30,0)/2,"") | K4: =IF($G4="正常",MIN($J4,12),"") | L4: =IF($G4="正常",MAX($J4-12,0),"")
A5: 杨秀联 | B5: 8/4 | C5: 二 | G5: =IF($E5="","空卡",IF($F5="","单卡","正常")) | H5: =IF($G5="正常",ROUND(($F5-$E5)*1440,0),"") | I5: =IF($G5="正常",$H5/60,"") | J5: =IF($G5="正常",ROUND($H5/30,0)/2,"") | K5: =IF($G5="正常",MIN($J5,12),"") | L5: =IF($G5="正常",MAX($J5-12,0),"")
A6: 杨秀联 | B6: 8/5 | C6: 三 | D6: 09:58 19:58 | E6: 0.41527778 | F6: 0.83194444 | G6: =IF($E6="","空卡",IF($F6="","单卡","正常")) | H6: =IF($G6="正常",ROUND(($F6-$E6)*1440,0),"") | I6: =IF($G6="正常",$H6/60,"") | J6: =IF($G6="正常",ROUND($H6/30,0)/2,"") | K6: =IF($G6="正常",MIN($J6,12),"") | L6: =IF($G6="正常",MAX($J6-12,0),"")
A7: 杨秀联 | B7: 8/6 | C7: 四 | D7: 08:53 20:01 | E7: 0.37013889 | F7: 0.83402778 | G7: =IF($E7="","空卡",IF($F7="","单卡","正常")) | H7: =IF($G7="正常",ROUND(($F7-$E7)*1440,0),"") | I7: =IF($G7="正常",$H7/60,"") | J7: =IF($G7="正常",ROUND($H7/30,0)/2,"") | K7: =IF($G7="正常",MIN($J7,12),"") | L7: =IF($G7="正常",MAX($J7-12,0),"")
A8: 杨秀联 | B8: 8/7 | C8: 五 | D8: 07:53 20:02 | E8: 0.32847222 | F8: 0.83472222 | G8: =IF($E8="","空卡",IF($F8="","单卡","正常")) | H8: =IF($G8="正常",ROUND(($F8-$E8)*1440,0),"") | I8: =IF($G8="正常",$H8/60,"") | J8: =IF($G8="正常",ROUND($H8/30,0)/2,"") | K8: =IF($G8="正常",MIN($J8,12),"") | L8: =IF($G8="正常",MAX($J8-12,0),"")
A9: 杨秀联 | B9: 8/8 | C9: 六 | G9: =IF($E9="","空卡",IF($F9="","单卡","正常")) | H9: =IF($G9="正常",ROUND(($F9-$E9)*1440,0),"") | I9: =IF($G9="正常",$H9/60,"") | J9: =IF($G9="正常",ROUND($H9/30,0)/2,"") | K9: =IF($G9="正常",MIN($J9,12),"") | L9: =IF($G9="正常",MAX($J9-12,0),"")
A10: 杨秀联 | B10: 8/9 | C10: 日 | G10: =IF($E10="","空卡",IF($F10="","单卡","正常")) | H10: =IF($G10="正常",ROUND(($F10-$E10)*1440,0),"") | I10: =IF($G10="正常",$H10/60,"") | J10: =IF($G10="正常",ROUND($H10/30,0)/2,"") | K10: =IF($G10="正常",MIN($J10,12),"") | L10: =IF($G10="正常",MAX($J10-12,0),"")
A11: 杨秀联 | B11: 8/10 | C11: 一 | D11: 08:24 19:56 | E11: 0.35 | F11: 0.83055556 | G11: =IF($E11="","空卡",IF($F11="","单卡","正常")) | H11: =IF($G11="正常",ROUND(($F11-$E11)*1440,0),"") | I11: =IF($G11="正常",$H11/60,"") | J11: =IF($G11="正常",ROUND($H11/30,0)/2,"") | K11: =IF($G11="正常",MIN($J11,12),"") | L11: =IF($G11="正常",MAX($J11-12,0),"")
A12: 杨秀联 | B12: 8/11 | C12: 二 | D12: 08:27 18:08 | E12: 0.35208333 | F12: 0.75555556 | G12: =IF($E12="","空卡",IF($F12="","单卡","正常")) | H12: =IF($G12="正常",ROUND(($F12-$E12)*1440,0),"") | I12: =IF($G12="正常",$H12/60,"") | J12: =IF($G12="正常",ROUND($H12/30,0)/2,"") | K12: =IF($G12="正常",MIN($J12,12),"") | L12: =IF($G12="正常",MAX($J12-12,0),"")
A13: 杨秀联 | B13: 8/12 | C13: 三 | D13: 08:24 18:38 | E13: 0.35 | F13: 0.77638889 | G13: =IF($E13="","空卡",IF($F13="","单卡","正常")) | H13: =IF($G13="正常",ROUND(($F13-$E13)*1440,0),"") | I13: =IF($G13="正常",$H13/60,"") | J13: =IF($G13="正常",ROUND($H13/30,0)/2,"") | K13: =IF($G13="正常",MIN($J13,12),"") | L13: =IF($G13="正常",MAX($J13-12,0),"")
A14: 杨秀联 | B14: 8/13 | C14: 四 | D14: 09:59 19:06 | E14: 0.41597222 | F14: 0.79583333 | G14: =IF($E14="","空卡",IF($F14="","单卡","正常")) | H14: =IF($G14="正常",ROUND(($F14-$E14)*1440,0),"") | I14: =IF($G14="正常",$H14/60,"") | J14: =IF($G14="正常",ROUND($H14/30,0)/2,"") | K14: =IF($G14="正常",MIN($J14,12),"") | L14: =IF($G14="正常",MAX($J14-12,0),"")
A15: 杨秀联 | B15: 8/14 | C15: 五 | D15: 06:58 21:04 | E15: 0.29027778 | F15: 0.87777778 | G15: =IF($E15="","空卡",IF($F15="","单卡","正常")) | H15: =IF($G15="正常",ROUND(($F15-$E15)*1440,0),"") | I15: =IF($G15="正常",$H15/60,"") | J15: =IF($G15="正常",ROUND($H15/30,0)/2,"") | K15: =IF($G15="正常",MIN($J15,12),"") | L15: =IF($G15="正常",MAX($J15-12,0),"")
A16: 杨秀联 | B16: 8/15 | C16: 六 | D16: 06:57 19:01 | E16: 0.28958333 | F16: 0.79236111 | G16: =IF($E16="","空卡",IF($F16="","单卡","正常")) | H16: =IF($G16="正常",ROUND(($F16-$E16)*1440,0),"") | I16: =IF($G16="正常",$H16/60,"") | J16: =IF($G16="正常",ROUND($H16/30,0)/2,"") | K16: =IF($G16="正常",MIN($J16,12),"") | L16: =IF($G16="正常",MAX($J16-12,0),"")
A17: 杨秀联 | B17: 8/16 | C17: 日 | G17: =IF($E17="","空卡",IF($F17="","单卡","正常")) | H17: =IF($G17="正常",ROUND(($F17-$E17)*1440,0),"") | I17: =IF($G17="正常",$H17/60,"") | J17: =IF($G17="正常",ROUND($H17/30,0)/2,"") | K17: =IF($G17="正常",MIN($J17,12),"") | L17: =IF($G17="正常",MAX($J17-12,0),"")
A18: 杨秀联 | B18: 8/17 | C18: 一 | D18: 07:55 20:06 | E18: 0.32986111 | F18: 0.8375 | G18: =IF($E18="","空卡",IF($F18="","单卡","正常")) | H18: =IF($G18="正常",ROUND(($F18-$E18)*1440,0),"") | I18: =IF($G18="正常",$H18/60,"") | J18: =IF($G18="正常",ROUND($H18/30,0)/2,"") | K18: =IF($G18="正常",MIN($J18,12),"") | L18: =IF($G18="正常",MAX($J18-12,0),"")
A19: 杨秀联 | B19: 8/18 | C19: 二 | D19: 07:55 18:57 | E19: 0.32986111 | F19: 0.78958333 | G19: =IF($E19="","空卡",IF($F19="","单卡","正常")) | H19: =IF($G19="正常",ROUND(($F19-$E19)*1440,0),"") | I19: =IF($G19="正常",$H19/60,"") | J19: =IF($G19="正常",ROUND($H19/30,0)/2,"") | K19: =IF($G19="正常",MIN($J19,12),"") | L19: =IF($G19="正常",MAX($J19-12,0),"")
A20: 杨秀联 | B20: 8/19 | C20: 三 | D20: 08:58 20:32 | E20: 0.37361111 | F20: 0.85555556 | G20: =IF($E20="","空卡",IF($F20="","单卡","正常")) | H20: =IF($G20="正常",ROUND(($F20-$E20)*1440,0),"") | I20: =IF($G20="正常",$H20/60,"") | J20: =IF($G20="正常",ROUND($H20/30,0)/2,"") | K20: =IF($G20="正常",MIN($J20,12),"") | L20: =IF($G20="正常",MAX($J20-12,0),"")
A21: 杨秀联 | B21: 8/20 | C21: 四 | D21: 08:31 20:02 | E21: 0.35486111 | F21: 0.83472222 | G21: =IF($E21="","空卡",IF($F21="","单卡","正常")) | H21: =IF($G21="正常",ROUND(($F21-$E21)*1440,0),"") | I21: =IF($G21="正常",$H21/60,"") | J21: =IF($G21="正常",ROUND($H21/30,0)/2,"") | K21: =IF($G21="正常",MIN($J21,12),"") | L21: =IF($G21="正常",MAX($J21-12,0),"")
A22: 杨秀联 | B22: 8/21 | C22: 五 | D22: 06:58 19:03 | E22: 0.29027778 | F22: 0.79375 | G22: =IF($E22="","空卡",IF($F22="","单卡","正常")) | H22: =IF($G22="正常",ROUND(($F22-$E22)*1440,0),"") | I22: =IF($G22="正常",$H22/60,"") | J22: =IF($G22="正常",ROUND($H22/30,0)/2,"") | K22: =IF($G22="正常",MIN($J22,12),"") | L22: =IF($G22="正常",MAX($J22-12,0),"")
A23: 杨秀联 | B23: 8/22 | C23: 六 | D23: 06:58 17:31 | E23: 0.29027778 | F23: 0.72986111 | G23: =IF($E23="","空卡",IF($F23="","单卡","正常")) | H23: =IF($G23="正常",ROUND(($F23-$E23)*1440,0),"") | I23: =IF($G23="正常",$H23/60,"") | J23: =IF($G23="正常",ROUND($H23/30,0)/2,"") | K23: =IF($G23="正常",MIN($J23,12),"") | L23: =IF($G23="正常",MAX($J23-12,0),"")
A24: 杨秀联 | B24: 8/23 | C24: 日 | G24: =IF($E24="","空卡",IF($F24="","单卡","正常")) | H24: =IF($G24="正常",ROUND(($F24-$E24)*1440,0),"") | I24: =IF($G24="正常",$H24/60,"") | J24: =IF($G24="正常",ROUND($H24/30,0)/2,"") | K24: =IF($G24="正常",MIN($J24,12),"") | L24: =IF($G24="正常",MAX($J24-12,0),"")
A25: 杨秀联 | B25: 8/24 | C25: 一 | D25: 06:58 17:03 | E25: 0.29027778 | F25: 0.71041667 | G25: =IF($E25="","空卡",IF($F25="","单卡","正常")) | H25: =IF($G25="正常",ROUND(($F25-$E25)*1440,0),"") | I25: =IF($G25="正常",$H25/60,"") | J25: =IF($G25="正常",ROUND($H25/30,0)/2,"") | K25: =IF($G25="正常",MIN($J25,12),"") | L25: =IF($G25="正常",MAX($J25-12,0),"")
A26: 杨秀联 | B26: 8/25 | C26: 二 | D26: 07:58 18:37 | E26: 0.33194444 | F26: 0.77569444 | G26: =IF($E26="","空卡",IF($F26="","单卡","正常")) | H26: =IF($G26="正常",ROUND(($F26-$E26)*1440,0),"") | I26: =IF($G26="正常",$H26/60,"") | J26: =IF($G26="正常",ROUND($H26/30,0)/2,"") | K26: =IF($G26="正常",MIN($J26,12),"") | L26: =IF($G26="正常",MAX($J26-12,0),"")
A27: 杨秀联 | B27: 8/26 | C27: 三 | D27: 07:57 18:58 | E27: 0.33125 | F27: 0.79027778 | G27: =IF($E27="","空卡",IF($F27="","单卡","正常")) | H27: =IF($G27="正常",ROUND(($F27-$E27)*1440,0),"") | I27: =IF($G27="正常",$H27/60,"") | J27: =IF($G27="正常",ROUND($H27/30,0)/2,"") | K27: =IF($G27="正常",MIN($J27,12),"") | L27: =IF($G27="正常",MAX($J27-12,0),"")
A28: 杨秀联 | B28: 8/27 | C28: 四 | D28: 07:56 21:02 | E28: 0.33055556 | F28: 0.87638889 | G28: =IF($E28="","空卡",IF($F28="","单卡","正常")) | H28: =IF($G28="正常",ROUND(($F28-$E28)*1440,0),"") | I28: =IF($G28="正常",$H28/60,"") | J28: =IF($G28="正常",ROUND($H28/30,0)/2,"") | K28: =IF($G28="正常",MIN($J28,12),"") | L28: =IF($G28="正常",MAX($J28-12,0),"")
A29: 杨秀联 | B29: 8/28 | C29: 五 | D29: 07:57 21:03 | E29: 0.33125 | F29: 0.87708333 | G29: =IF($E29="","空卡",IF($F29="","单卡","正常")) | H29: =IF($G29="正常",ROUND(($F29-$E29)*1440,0),"") | I29: =IF($G29="正常",$H29/60,"") | J29: =IF($G29="正常",ROUND($H29/30,0)/2,"") | K29: =IF($G29="正常",MIN($J29,12),"") | L29: =IF($G29="正常",MAX($J29-12,0),"")
A30: 杨秀联 | B30: 8/29 | C30: 六 | D30: 07:57 22:34 | E30: 0.33125 | F30: 0.94027778 | G30: =IF($E30="","空卡",IF($F30="","单卡","正常")) | H30: =IF($G30="正常",ROUND(($F30-$E30)*1440,0),"") | I30: =IF($G30="正常",$H30/60,"") | J30: =IF($G30="正常",ROUND($H30/30,0)/2,"") | K30: =IF($G30="正常",MIN($J30,12),"") | L30: =IF($G30="正常",MAX($J30-12,0),"")
A31: 杨秀联 | B31: 8/30 | C31: 日 | D31: 07:55 18:44 | E31: 0.32986111 | F31: 0.78055556 | G31: =IF($E31="","空卡",IF($F31="","单卡","正常")) | H31: =IF($G31="正常",ROUND(($F31-$E31)*1440,0),"") | I31: =IF($G31="正常",$H31/60,"") | J31: =IF($G31="正常",ROUND($H31/30,0)/2,"") | K31: =IF($G31="正常",MIN($J31,12),"") | L31: =IF($G31="正常",MAX($J31-12,0),"")
A32: 杨秀联 | B32: 8/31 | C32: 一 | G32: =IF($E32="","空卡",IF($F32="","单卡","正常")) | H32: =IF($G32="正常",ROUND(($F32-$E32)*1440,0),"") | I32: =IF($G32="正常",$H32/60,"") | J32: =IF($G32="正常",ROUND($H32/30,0)/2,"") | K32: =IF($G32="正常",MIN($J32,12),"") | L32: =IF($G32="正常",MAX($J32-12,0),"")
A33: 宋龙元 | B33: 8/1 | C33: 六 | D33: 07:57 17:01 | E33: 0.33125 | F33: 0.70902778 | G33: =IF($E33="","空卡",IF($F33="","单卡","正常")) | H33: =IF($G33="正常",ROUND(($F33-$E33)*1440,0),"") | I33: =IF($G33="正常",$H33/60,"") | J33: =IF($G33="正常",ROUND($H33/30,0)/2,"") | K33: =IF($G33="正常",MIN($J33,12),"") | L33: =IF($G33="正常",MAX($J33-12,0),"")
A34: 宋龙元 | B34: 8/2 | C34: 日 | D34: 07:57 15:00 | E34: 0.33125 | F34: 0.625 | G34: =IF($E34="","空卡",IF($F34="","单卡","正常")) | H34: =IF($G34="正常",ROUND(($F34-$E34)*1440,0),"") | I34: =IF($G34="正常",$H34/60,"") | J34: =IF($G34="正常",ROUND($H34/30,0)/2,"") | K34: =IF($G34="正常",MIN($J34,12),"") | L34: =IF($G34="正常",MAX($J34-12,0),"")
A35: 宋龙元 | B35: 8/3 | C35: 一 | D35: 08:27 15:36 | E35: 0.35208333 | F35: 0.65 | G35: =IF($E35="","空卡",IF($F35="","单卡","正常")) | H35: =IF($G35="正常",ROUND(($F35-$E35)*1440,0),"") | I35: =IF($G35="正常",$H35/60,"") | J35: =IF($G35="正常",ROUND($H35/30,0)/2,"") | K35: =IF($G35="正常",MIN($J35,12),"") | L35: =IF($G35="正常",MAX($J35-12,0),"")
A36: 宋龙元 | B36: 8/4 | C36: 二 | D36: 08:57 19:31 | E36: 0.37291667 | F36: 0.81319444 | G36: =IF($E36="","空卡",IF($F36="","单卡","正常")) | H36: =IF($G36="正常",ROUND(($F36-$E36)*1440,0),"") | I36: =IF($G36="正常",$H36/60,"") | J36: =IF($G36="正常",ROUND($H36/30,0)/2,"") | K36: =IF($G36="正常",MIN($J36,12),"") | L36: =IF($G36="正常",MAX($J36-12,0),"")
A37: 宋龙元 | B37: 8/5 | C37: 三 | D37: 09:58 19:37 | E37: 0.41527778 | F37: 0.81736111 | G37: =IF($E37="","空卡",IF($F37="","单卡","正常")) | H37: =IF($G37="正常",ROUND(($F37-$E37)*1440,0),"") | I37: =IF($G37="正常",$H37/60,"") | J37: =IF($G37="正常",ROUND($H37/30,0)/2,"") | K37: =IF($G37="正常",MIN($J37,12),"") | L37: =IF($G37="正常",MAX($J37-12,0),"")
A38: 宋龙元 | B38: 8/6 | C38: 四 | D38: 08:59 19:01 | E38: 0.37430556 | F38: 0.79236111 | G38: =IF($E38="","空卡",IF($F38="","单卡","正常")) | H38: =IF($G38="正常",ROUND(($F38-$E38)*1440,0),"") | I38: =IF($G38="正常",$H38/60,"") | J38: =IF($G38="正常",ROUND($H38/30,0)/2,"") | K38: =IF($G38="正常",MIN($J38,12),"") | L38: =IF($G38="正常",MAX($J38-12,0),"")
A39: 宋龙元 | B39: 8/7 | C39: 五 | D39: 07:54 19:30 | E39: 0.32916667 | F39: 0.8125 | G39: =IF($E39="","空卡",IF($F39="","单卡","正常")) | H39: =IF($G39="正常",ROUND(($F39-$E39)*1440,0),"") | I39: =IF($G39="正常",$H39/60,"") | J39: =IF($G39="正常",ROUND($H39/30,0)/2,"") | K39: =IF($G39="正常",MIN($J39,12),"") | L39: =IF($G39="正常",MAX($J39-12,0),"")
A40: 宋龙元 | B40: 8/8 | C40: 六 | D40: 08:19 19:39 | E40: 0.34652778 | F40: 0.81875 | G40: =IF($E40="","空卡",IF($F40="","单卡","正常")) | H40: =IF($G40="正常",ROUND(($F40-$E40)*1440,0),"") | I40: =IF($G40="正常",$H40/60,"") | J40: =IF($G40="正常",ROUND($H40/30,0)/2,"") | K40: =IF($G40="正常",MIN($J40,12),"") | L40: =IF($G40="正常",MAX($J40-12,0),"")
A41: 宋龙元 | B41: 8/9 | C41: 日 | G41: =IF($E41="","空卡",IF($F41="","单卡","正常")) | H41: =IF($G41="正常",ROUND(($F41-$E41)*1440,0),"") | I41: =IF($G41="正常",$H41/60,"") | J41: =IF($G41="正常",ROUND($H41/30,0)/2,"") | K41: =IF($G41="正常",MIN($J41,12),"") | L41: =IF($G41="正常",MAX($J41-12,0),"")
A42: 宋龙元 | B42: 8/10 | C42: 一 | D42: 08:25 19:54 | E42: 0.35069444 | F42: 0.82916667 | G42: =IF($E42="","空卡",IF($F42="","单卡","正常")) | H42: =IF($G42="正常",ROUND(($F42-$E42)*1440,0),"") | I42: =IF($G42="正常",$H42/60,"") | J42: =IF($G42="正常",ROUND($H42/30,0)/2,"") | K42: =IF($G42="正常",MIN($J42,12),"") | L42: =IF($G42="正常",MAX($J42-12,0),"")
A43: 宋龙元 | B43: 8/11 | C43: 二 | D43: 08:27 18:10 | E43: 0.35208333 | F43: 0.75694444 | G43: =IF($E43="","空卡",IF($F43="","单卡","正常")) | H43: =IF($G43="正常",ROUND(($F43-$E43)*1440,0),"") | I43: =IF($G43="正常",$H43/60,"") | J43: =IF($G43="正常",ROUND($H43/30,0)/2,"") | K43: =IF($G43="正常",MIN($J43,12),"") | L43: =IF($G43="正常",MAX($J43-12,0),"")
A44: 宋龙元 | B44: 8/12 | C44: 三 | D44: 09:54 18:34 | E44: 0.4125 | F44: 0.77361111 | G44: =IF($E44="","空卡",IF($F44="","单卡","正常")) | H44: =IF($G44="正常",ROUND(($F44-$E44)*1440,0),"") | I44: =IF($G44="正常",$H44/60,"") | J44: =IF($G44="正常",ROUND($H44/30,0)/2,"") | K44: =IF($G44="正常",MIN($J44,12),"") | L44: =IF($G44="正常",MAX($J44-12,0),"")
A45: 宋龙元 | B45: 8/13 | C45: 四 | D45: 09:59 19:04 | E45: 0.41597222 | F45: 0.79444444 | G45: =IF($E45="","空卡",IF($F45="","单卡","正常")) | H45: =IF($G45="正常",ROUND(($F45-$E45)*1440,0),"") | I45: =IF($G45="正常",$H45/60,"") | J45: =IF($G45="正常",ROUND($H45/30,0)/2,"") | K45: =IF($G45="正常",MIN($J45,12),"") | L45: =IF($G45="正常",MAX($J45-12,0),"")
A46: 宋龙元 | B46: 8/14 | C46: 五 | D46: 06:58 20:54 | E46: 0.29027778 | F46: 0.87083333 | G46: =IF($E46="","空卡",IF($F46="","单卡","正常")) | H46: =IF($G46="正常",ROUND(($F46-$E46)*1440,0),"") | I46: =IF($G46="正常",$H46/60,"") | J46: =IF($G46="正常",ROUND($H46/30,0)/2,"") | K46: =IF($G46="正常",MIN($J46,12),"") | L46: =IF($G46="正常",MAX($J46-12,0),"")
A47: 宋龙元 | B47: 8/15 | C47: 六 | D47: 06:58 18:58 | E47: 0.29027778 | F47: 0.79027778 | G47: =IF($E47="","空卡",IF($F47="","单卡","正常")) | H47: =IF($G47="正常",ROUND(($F47-$E47)*1440,0),"") | I47: =IF($G47="正常",$H47/60,"") | J47: =IF($G47="正常",ROUND($H47/30,0)/2,"") | K47: =IF($G47="正常",MIN($J47,12),"") | L47: =IF($G47="正常",MAX($J47-12,0),"")
A48: 宋龙元 | B48: 8/16 | C48: 日 | G48: =IF($E48="","空卡",IF($F48="","单卡","正常")) | H48: =IF($G48="正常",ROUND(($F48-$E48)*1440,0),"") | I48: =IF($G48="正常",$H48/60,"") | J48: =IF($G48="正常",ROUND($H48/30,0)/2,"") | K48: =IF($G48="正常",MIN($J48,12),"") | L48: =IF($G48="正常",MAX($J48-12,0),"")
A49: 宋龙元 | B49: 8/17 | C49: 一 | D49: 07:56 19:58 | E49: 0.33055556 | F49: 0.83194444 | G49: =IF($E49="","空卡",IF($F49="","单卡","正常")) | H49: =IF($G49="正常",ROUND(($F49-$E49)*1440,0),"") | I49: =IF($G49="正常",$H49/60,"") | J49: =IF($G49="正常",ROUND($H49/30,0)/2,"") | K49: =IF($G49="正常",MIN($J49,12),"") | L49: =IF($G49="正常",MAX($J49-12,0),"")
A50: 宋龙元 | B50: 8/18 | C50: 二 | D50: 07:59 18:56 | E50: 0.33263889 | F50: 0.78888889 | G50: =IF($E50="","空卡",IF($F50="","单卡","正常")) | H50: =IF($G50="正常",ROUND(($F50-$E50)*1440,0),"") | I50: =IF($G50="正常",$H50/60,"") | J50: =IF($G50="正常",ROUND($H50/30,0)/2,"") | K50: =IF($G50="正常",MIN($J50,12),"") | L50: =IF($G50="正常",MAX($J50-12,0),"")
A51: 宋龙元 | B51: 8/19 | C51: 三 | D51: 08:59 20:29 | E51: 0.37430556 | F51: 0.85347222 | G51: =IF($E51="","空卡",IF($F51="","单卡","正常")) | H51: =IF($G51="正常",ROUND(($F51-$E51)*1440,0),"") | I51: =IF($G51="正常",$H51/60,"") | J51: =IF($G51="正常",ROUND($H51/30,0)/2,"") | K51: =IF($G51="正常",MIN($J51,12),"") | L51: =IF($G51="正常",MAX($J51-12,0),"")
A52: 宋龙元 | B52: 8/20 | C52: 四 | D52: 08:29 19:57 | E52: 0.35347222 | F52: 0.83125 | G52: =IF($E52="","空卡",IF($F52="","单卡","正常")) | H52: =IF($G52="正常",ROUND(($F52-$E52)*1440,0),"") | I52: =IF($G52="正常",$H52/60,"") | J52: =IF($G52="正常",ROUND($H52/30,0)/2,"") | K52: =IF($G52="正常",MIN($J52,12),"") | L52: =IF($G52="正常",MAX($J52-12,0),"")
A53: 宋龙元 | B53: 8/21 | C53: 五 | D53: 06:55 19:02 | E53: 0.28819444 | F53: 0.79305556 | G53: =IF($E53="","空卡",IF($F53="","单卡","正常")) | H53: =IF($G53="正常",ROUND(($F53-$E53)*1440,0),"") | I53: =IF($G53="正常",$H53/60,"") | J53: =IF($G53="正常",ROUND($H53/30,0)/2,"") | K53: =IF($G53="正常",MIN($J53,12),"") | L53: =IF($G53="正常",MAX($J53-12,0),"")
A54: 宋龙元 | B54: 8/22 | C54: 六 | D54: 06:58 18:30 | E54: 0.29027778 | F54: 0.77083333 | G54: =IF($E54="","空卡",IF($F54="","单卡","正常")) | H54: =IF($G54="正常",ROUND(($F54-$E54)*1440,0),"") | I54: =IF($G54="正常",$H54/60,"") | J54: =IF($G54="正常",ROUND($H54/30,0)/2,"") | K54: =IF($G54="正常",MIN($J54,12),"") | L54: =IF($G54="正常",MAX($J54-12,0),"")
A55: 宋龙元 | B55: 8/23 | C55: 日 | G55: =IF($E55="","空卡",IF($F55="","单卡","正常")) | H55: =IF($G55="正常",ROUND(($F55-$E55)*1440,0),"") | I55: =IF($G55="正常",$H55/60,"") | J55: =IF($G55="正常",ROUND($H55/30,0)/2,"") | K55: =IF($G55="正常",MIN($J55,12),"") | L55: =IF($G55="正常",MAX($J55-12,0),"")
A56: 宋龙元 | B56: 8/24 | C56: 一 | D56: 06:57 16:36 | E56: 0.28958333 | F56: 0.69166667 | G56: =IF($E56="","空卡",IF($F56="","单卡","正常")) | H56: =IF($G56="正常",ROUND(($F56-$E56)*1440,0),"") | I56: =IF($G56="正常",$H56/60,"") | J56: =IF($G56="正常",ROUND($H56/30,0)/2,"") | K56: =IF($G56="正常",MIN($J56,12),"") | L56: =IF($G56="正常",MAX($J56-12,0),"")
A57: 宋龙元 | B57: 8/25 | C57: 二 | D57: 07:57 18:36 | E57: 0.33125 | F57: 0.775 | G57: =IF($E57="","空卡",IF($F57="","单卡","正常")) | H57: =IF($G57="正常",ROUND(($F57-$E57)*1440,0),"") | I57: =IF($G57="正常",$H57/60,"") | J57: =IF($G57="正常",ROUND($H57/30,0)/2,"") | K57: =IF($G57="正常",MIN($J57,12),"") | L57: =IF($G57="正常",MAX($J57-12,0),"")
A58: 宋龙元 | B58: 8/26 | C58: 三 | D58: 07:56 18:55 | E58: 0.33055556 | F58: 0.78819444 | G58: =IF($E58="","空卡",IF($F58="","单卡","正常")) | H58: =IF($G58="正常",ROUND(($F58-$E58)*1440,0),"") | I58: =IF($G58="正常",$H58/60,"") | J58: =IF($G58="正常",ROUND($H58/30,0)/2,"") | K58: =IF($G58="正常",MIN($J58,12),"") | L58: =IF($G58="正常",MAX($J58-12,0),"")
A59: 宋龙元 | B59: 8/27 | C59: 四 | D59: 07:57 19:04 | E59: 0.33125 | F59: 0.79444444 | G59: =IF($E59="","空卡",IF($F59="","单卡","正常")) | H59: =IF($G59="正常",ROUND(($F59-$E59)*1440,0),"") | I59: =IF($G59="正常",$H59/60,"") | J59: =IF($G59="正常",ROUND($H59/30,0)/2,"") | K59: =IF($G59="正常",MIN($J59,12),"") | L59: =IF($G59="正常",MAX($J59-12,0),"")
A60: 宋龙元 | B60: 8/28 | C60: 五 | D60: 07:57 18:28 | E60: 0.33125 | F60: 0.76944444 | G60: =IF($E60="","空卡",IF($F60="","单卡","正常")) | H60: =IF($G60="正常",ROUND(($F60-$E60)*1440,0),"") | I60: =IF($G60="正常",$H60/60,"") | J60: =IF($G60="正常",ROUND($H60/30,0)/2,"") | K60: =IF($G60="正常",MIN($J60,12),"") | L60: =IF($G60="正常",MAX($J60-12,0),"")
A61: 宋龙元 | B61: 8/29 | C61: 六 | D61: 07:57 21:58 | E61: 0.33125 | F61: 0.91527778 | G61: =IF($E61="","空卡",IF($F61="","单卡","正常")) | H61: =IF($G61="正常",ROUND(($F61-$E61)*1440,0),"") | I61: =IF($G61="正常",$H61/60,"") | J61: =IF($G61="正常",ROUND($H61/30,0)/2,"") | K61: =IF($G61="正常",MIN($J61,12),"") | L61: =IF($G61="正常",MAX($J61-12,0),"")
A62: 宋龙元 | B62: 8/30 | C62: 日 | D62: 07:56 18:41 | E62: 0.33055556 | F62: 0.77847222 | G62: =IF($E62="","空卡",IF($F62="","单卡","正常")) | H62: =IF($G62="正常",ROUND(($F62-$E62)*1440,0),"") | I62: =IF($G62="正常",$H62/60,"") | J62: =IF($G62="正常",ROUND($H62/30,0)/2,"") | K62: =IF($G62="正常",MIN($J62,12),"") | L62: =IF($G62="正常",MAX($J62-12,0),"")
A63: 宋龙元 | B63: 8/31 | C63: 一 | G63: =IF($E63="","空卡",IF($F63="","单卡","正常")) | H63: =IF($G63="正常",ROUND(($F63-$E63)*1440,0),"") | I63: =IF($G63="正常",$H63/60,"") | J63: =IF($G63="正常",ROUND($H63/30,0)/2,"") | K63: =IF($G63="正常",MIN($J63,12),"") | L63: =IF($G63="正常",MAX($J63-12,0),"")
A64: 李露 | B64: 8/1 | C64: 六 | G64: =IF($E64="","空卡",IF($F64="","单卡","正常")) | H64: =IF($G64="正常",ROUND(($F64-$E64)*1440,0),"") | I64: =IF($G64="正常",$H64/60,"") | J64: =IF($G64="正常",ROUND($H64/30,0)/2,"") | K64: =IF($G64="正常",MIN($J64,12),"") | L64: =IF($G64="正常",MAX($J64-12,0),"")
A65: 李露 | B65: 8/2 | C65: 日 | G65: =IF($E65="","空卡",IF($F65="","单卡","正常")) | H65: =IF($G65="正常",ROUND(($F65-$E65)*1440,0),"") | I65: =IF($G65="正常",$H65/60,"") | J65: =IF($G65="正常",ROUND($H65/30,0)/2,"") | K65: =IF($G65="正常",MIN($J65,12),"") | L65: =IF($G65="正常",MAX($J65-12,0),"")
A66: 李露 | B66: 8/3 | C66: 一 | G66: =IF($E66="","空卡",IF($F66="","单卡","正常")) | H66: =IF($G66="正常",ROUND(($F66-$E66)*1440,0),"") | I66: =IF($G66="正常",$H66/60,"") | J66: =IF($G66="正常",ROUND($H66/30,0)/2,"") | K66: =IF($G66="正常",MIN($J66,12),"") | L66: =IF($G66="正常",MAX($J66-12,0),"")
A67: 李露 | B67: 8/4 | C67: 二 | G67: =IF($E67="","空卡",IF($F67="","单卡","正常")) | H67: =IF($G67="正常",ROUND(($F67-$E67)*1440,0),"") | I67: =IF($G67="正常",$H67/60,"") | J67: =IF($G67="正常",ROUND($H67/30,0)/2,"") | K67: =IF($G67="正常",MIN($J67,12),"") | L67: =IF($G67="正常",MAX($J67-12,0),"")
A68: 李露 | B68: 8/5 | C68: 三 | G68: =IF($E68="","空卡",IF($F68="","单卡","正常")) | H68: =IF($G68="正常",ROUND(($F68-$E68)*1440,0),"") | I68: =IF($G68="正常",$H68/60,"") | J68: =IF($G68="正常",ROUND($H68/30,0)/2,"") | K68: =IF($G68="正常",MIN($J68,12),"") | L68: =IF($G68="正常",MAX($J68-12,0),"")
A69: 李露 | B69: 8/6 | C69: 四 | G69: =IF($E69="","空卡",IF($F69="","单卡","正常")) | H69: =IF($G69="正常",ROUND(($F69-$E69)*1440,0),"") | I69: =IF($G69="正常",$H69/60,"") | J69: =IF($G69="正常",ROUND($H69/30,0)/2,"") | K69: =IF($G69="正常",MIN($J69,12),"") | L69: =IF($G69="正常",MAX($J69-12,0),"")
A70: 李露 | B70: 8/7 | C70: 五 | G70: =IF($E70="","空卡",IF($F70="","单卡","正常")) | H70: =IF($G70="正常",ROUND(($F70-$E70)*1440,0),"") | I70: =IF($G70="正常",$H70/60,"") | J70: =IF($G70="正常",ROUND($H70/30,0)/2,"") | K70: =IF($G70="正常",MIN($J70,12),"") | L70: =IF($G70="正常",MAX($J70-12,0),"")
A71: 李露 | B71: 8/8 | C71: 六 | G71: =IF($E71="","空卡",IF($F71="","单卡","正常")) | H71: =IF($G71="正常",ROUND(($F71-$E71)*1440,0),"") | I71: =IF($G71="正常",$H71/60,"") | J71: =IF($G71="正常",ROUND($H71/30,0)/2,"") | K71: =IF($G71="正常",MIN($J71,12),"") | L71: =IF($G71="正常",MAX($J71-12,0),"")
A72: 李露 | B72: 8/9 | C72: 日 | G72: =IF($E72="","空卡",IF($F72="","单卡","正常")) | H72: =IF($G72="正常",ROUND(($F72-$E72)*1440,0),"") | I72: =IF($G72="正常",$H72/60,"") | J72: =IF($G72="正常",ROUND($H72/30,0)/2,"") | K72: =IF($G72="正常",MIN($J72,12),"") | L72: =IF($G72="正常",MAX($J72-12,0),"")
A73: 李露 | B73: 8/10 | C73: 一 | G73: =IF($E73="","空卡",IF($F73="","单卡","正常")) | H73: =IF($G73="正常",ROUND(($F73-$E73)*1440,0),"") | I73: =IF($G73="正常",$H73/60,"") | J73: =IF($G73="正常",ROUND($H73/30,0)/2,"") | K73: =IF($G73="正常",MIN($J73,12),"") | L73: =IF($G73="正常",MAX($J73-12,0),"")
A74: 李露 | B74: 8/11 | C74: 二 | G74: =IF($E74="","空卡",IF($F74="","单卡","正常")) | H74: =IF($G74="正常",ROUND(($F74-$E74)*1440,0),"") | I74: =IF($G74="正常",$H74/60,"") | J74: =IF($G74="正常",ROUND($H74/30,0)/2,"") | K74: =IF($G74="正常",MIN($J74,12),"") | L74: =IF($G74="正常",MAX($J74-12,0),"")
... A86: 李露 | B86: 8/23 | C86: 日 | G86: =IF($E86="","空卡",IF($F86="","单卡","正常")) | H86: =IF($G86="正常",ROUND(($F86-$E86)*1440,0),"") | I86: =IF($G86="正常",$H86/60,"") | J86: =IF($G86="正常",ROUND($H86/30,0)/2,"") | K86: =IF($G86="正常",MIN($J86,12),"") | L86: =IF($G86="正常",MAX($J86-12,0),"")
A87: 李露 | B87: 8/24 | C87: 一 | D87: 18:52 | E87: 0.78611111 | G87: =IF($E87="","空卡",IF($F87="","单卡","正常")) | H87: =IF($G87="正常",ROUND(($F87-$E87)*1440,0),"") | I87: =IF($G87="正常",$H87/60,"") | J87: =IF($G87="正常",ROUND($H87/30,0)/2,"") | K87: =IF($G87="正常",MIN($J87,12),"") | L87: =IF($G87="正常",MAX($J87-12,0),"")
A88: 李露 | B88: 8/25 | C88: 二 | G88: =IF($E88="","空卡",IF($F88="","单卡","正常")) | H88: =IF($G88="正常",ROUND(($F88-$E88)*1440,0),"") | I88: =IF($G88="正常",$H88/60,"") | J88: =IF($G88="正常",ROUND($H88/30,0)/2,"") | K88: =IF($G88="正常",MIN($J88,12),"") | L88: =IF($G88="正常",MAX($J88-12,0),"")
A89: 李露 | B89: 8/26 | C89: 三 | G89: =IF($E89="","空卡",IF($F89="","单卡","正常")) | H89: =IF($G89="正常",ROUND(($F89-$E89)*1440,0),"") | I89: =IF($G89="正常",$H89/60,"") | J89: =IF($G89="正常",ROUND($H89/30,0)/2,"") | K89: =IF($G89="正常",MIN($J89,12),"") | L89: =IF($G89="正常",MAX($J89-12,0),"")
A90: 李露 | B90: 8/27 | C90: 四 | G90: =IF($E90="","空卡",IF($F90="","单卡","正常")) | H90: =IF($G90="正常",ROUND(($F90-$E90)*1440,0),"") | I90: =IF($G90="正常",$H90/60,"") | J90: =IF($G90="正常",ROUND($H90/30,0)/2,"") | K90: =IF($G90="正常",MIN($J90,12),"") | L90: =IF($G90="正常",MAX($J90-12,0),"")
A91: 李露 | B91: 8/28 | C91: 五 | G91: =IF($E91="","空卡",IF($F91="","单卡","正常")) | H91: =IF($G91="正常",ROUND(($F91-$E91)*1440,0),"") | I91: =IF($G91="正常",$H91/60,"") | J91: =IF($G91="正常",ROUND($H91/30,0)/2,"") | K91: =IF($G91="正常",MIN($J91,12),"") | L91: =IF($G91="正常",MAX($J91-12,0),"")
A92: 李露 | B92: 8/29 | C92: 六 | G92: =IF($E92="","空卡",IF($F92="","单卡","正常")) | H92: =IF($G92="正常",ROUND(($F92-$E92)*1440,0),"") | I92: =IF($G92="正常",$H92/60,"") | J92: =IF($G92="正常",ROUND($H92/30,0)/2,"") | K92: =IF($G92="正常",MIN($J92,12),"") | L92: =IF($G92="正常",MAX($J92-12,0),"")
A93: 李露 | B93: 8/30 | C93: 日 | G93: =IF($E93="","空卡",IF($F93="","单卡","正常")) | H93: =IF($G93="正常",ROUND(($F93-$E93)*1440,0),"") | I93: =IF($G93="正常",$H93/60,"") | J93: =IF($G93="正常",ROUND($H93/30,0)/2,"") | K93: =IF($G93="正常",MIN($J93,12),"") | L93: =IF($G93="正常",MAX($J93-12,0),"")
A94: 李露 | B94: 8/31 | C94: 一 | G94: =IF($E94="","空卡",IF($F94="","单卡","正常")) | H94: =IF($G94="正常",ROUND(($F94-$E94)*1440,0),"") | I94: =IF($G94="正常",$H94/60,"") | J94: =IF($G94="正常",ROUND($H94/30,0)/2,"") | K94: =IF($G94="正常",MIN($J94,12),"") | L94: =IF($G94="正常",MAX($J94-12,0),"")
A95: 熊其容 | B95: 8/1 | C95: 六 | D95: 07:54 17:02 | E95: 0.32916667 | F95: 0.70972222 | G95: =IF($E95="","空卡",IF($F95="","单卡","正常")) | H95: =IF($G95="正常",ROUND(($F95-$E95)*1440,0),"") | I95: =IF($G95="正常",$H95/60,"") | J95: =IF($G95="正常",ROUND($H95/30,0)/2,"") | K95: =IF($G95="正常",MIN($J95,12),"") | L95: =IF($G95="正常",MAX($J95-12,0),"")
A96: 熊其容 | B96: 8/2 | C96: 日 | D96: 14:59 | E96: 0.62430556 | G96: =IF($E96="","空卡",IF($F96="","单卡","正常")) | H96: =IF($G96="正常",ROUND(($F96-$E96)*1440,0),"") | I96: =IF($G96="正常",$H96/60,"") | J96: =IF($G96="正常",ROUND($H96/30,0)/2,"") | K96: =IF($G96="正常",MIN($J96,12),"") | L96: =IF($G96="正常",MAX($J96-12,0),"")
A97: 熊其容 | B97: 8/3 | C97: 一 | D97: 08:26 15:32 15:39 | E97: 0.35138889 | F97: 0.65208333 | G97: =IF($E97="","空卡",IF($F97="","单卡","正常")) | H97: =IF($G97="正常",ROUND(($F97-$E97)*1440,0),"") | I97: =IF($G97="正常",$H97/60,"") | J97: =IF($G97="正常",ROUND($H97/30,0)/2,"") | K97: =IF($G97="正常",MIN($J97,12),"") | L97: =IF($G97="正常",MAX($J97-12,0),"")
A98: 熊其容 | B98: 8/4 | C98: 二 | D98: 08:54 20:34 | E98: 0.37083333 | F98: 0.85694444 | G98: =IF($E98="","空卡",IF($F98="","单卡","正常")) | H98: =IF($G98="正常",ROUND(($F98-$E98)*1440,0),"") | I98: =IF($G98="正常",$H98/60,"") | J98: =IF($G98="正常",ROUND($H98/30,0)/2,"") | K98: =IF($G98="正常",MIN($J98,12),"") | L98: =IF($G98="正常",MAX($J98-12,0),"")
A99: 熊其容 | B99: 8/5 | C99: 三 | D99: 09:44 19:51 | E99: 0.40555556 | F99: 0.82708333 | G99: =IF($E99="","空卡",IF($F99="","单卡","正常")) | H99: =IF($G99="正常",ROUND(($F99-$E99)*1440,0),"") | I99: =IF($G99="正常",$H99/60,"") | J99: =IF($G99="正常",ROUND($H99/30,0)/2,"") | K99: =IF($G99="正常",MIN($J99,12),"") | L99: =IF($G99="正常",MAX($J99-12,0),"")
A100: 熊其容 | B100: 8/6 | C100: 四 | D100: 08:50 19:03 | E100: 0.36805556 | F100: 0.79375 | G100: =IF($E100="","空卡",IF($F100="","单卡","正常")) | H100: =IF($G100="正常",ROUND(($F100-$E100)*1440,0),"") | I100: =IF($G100="正常",$H100/60,"") | J100: =IF($G100="正常",ROUND($H100/30,0)/2,"") | K100: =IF($G100="正常",MIN($J100,12),"") | L100: =IF($G100="正常",MAX($J100-12,0),"")
A101: 熊其容 | B101: 8/7 | C101: 五 | D101: 07:54 20:08 | E101: 0.32916667 | F101: 0.83888889 | G101: =IF($E101="","空卡",IF($F101="","单卡","正常")) | H101: =IF($G101="正常",ROUND(($F101-$E101)*1440,0),"") | I101: =IF($G101="正常",$H101/60,"") | J101: =IF($G101="正常",ROUND($H101/30,0)/2,"") | K101: =IF($G101="正常",MIN($J101,12),"") | L101: =IF($G101="正常",MAX($J101-12,0),"")
A102: 熊其容 | B102: 8/8 | C102: 六 | D102: 08:25 19:37 | E102: 0.35069444 | F102: 0.81736111 | G102: =IF($E102="","空卡",IF($F102="","单卡","正常")) | H102: =IF($G102="正常",ROUND(($F102-$E102)*1440,0),"") | I102: =IF($G102="正常",$H102/60,"") | J102: =IF($G102="正常",ROUND($H102/30,0)/2,"") | K102: =IF($G102="正常",MIN($J102,12),"") | L102: =IF($G102="正常",MAX($J102-12,0),"")
A103: 熊其容 | B103: 8/9 | C103: 日 | G103: =IF($E103="","空卡",IF($F103="","单卡","正常")) | H103: =IF($G103="正常",ROUND(($F103-$E103)*1440,0),"") | I103: =IF($G103="正常",$H103/60,"") | J103: =IF($G103="正常",ROUND($H103/30,0)/2,"") | K103: =IF($G103="正常",MIN($J103,12),"") | L103: =IF($G103="正常",MAX($J103-12,0),"")
A104: 熊其容 | B104: 8/10 | C104: 一 | G104: =IF($E104="","空卡",IF($F104="","单卡","正常")) | H104: =IF($G104="正常",ROUND(($F104-$E104)*1440,0),"") | I104: =IF($G104="正常",$H104/60,"") | J104: =IF($G104="正常",ROUND($H104/30,0)/2,"") | K104: =IF($G104="正常",MIN($J104,12),"") | L104: =IF($G104="正常",MAX($J104-12,0),"")
A105: 熊其容 | B105: 8/11 | C105: 二 | G105: =IF($E105="","空卡",IF($F105="","单卡","正常")) | H105: =IF($G105="正常",ROUND(($F105-$E105)*1440,0),"") | I105: =IF($G105="正常",$H105/60,"") | J105: =IF($G105="正常",ROUND($H105/30,0)/2,"") | K105: =IF($G105="正常",MIN($J105,12),"") | L105: =IF($G105="正常",MAX($J105-12,0),"")
A106: 熊其容 | B106: 8/12 | C106: 三 | D106: 09:04 18:36 | E106: 0.37777778 | F106: 0.775 | G106: =IF($E106="","空卡",IF($F106="","单卡","正常")) | H106: =IF($G106="正常",ROUND(($F106-$E106)*1440,0),"") | I106: =IF($G106="正常",$H106/60,"") | J106: =IF($G106="正常",ROUND($H106/30,0)/2,"") | K106: =IF($G106="正常",MIN($J106,12),"") | L106: =IF($G106="正常",MAX($J106-12,0),"")
A107: 熊其容 | B107: 8/13 | C107: 四 | D107: 09:56 19:01 | E107: 0.41388889 | F107: 0.79236111 | G107: =IF($E107="","空卡",IF($F107="","单卡","正常")) | H107: =IF($G107="正常",ROUND(($F107-$E107)*1440,0),"") | I107: =IF($G107="正常",$H107/60,"") | J107: =IF($G107="正常",ROUND($H107/30,0)/2,"") | K107: =IF($G107="正常",MIN($J107,12),"") | L107: =IF($G107="正常",MAX($J107-12,0),"")
A108: 熊其容 | B108: 8/14 | C108: 五 | D108: 06:54 20:52 | E108: 0.2875 | F108: 0.86944444 | G108: =IF($E108="","空卡",IF($F108="","单卡","正常")) | H108: =IF($G108="正常",ROUND(($F108-$E108)*1440,0),"") | I108: =IF($G108="正常",$H108/60,"") | J108: =IF($G108="正常",ROUND($H108/30,0)/2,"") | K108: =IF($G108="正常",MIN($J108,12),"") | L108: =IF($G108="正常",MAX($J108-12,0),"")
A109: 熊其容 | B109: 8/15 | C109: 六 | D109: 06:55 19:00 | E109: 0.28819444 | F109: 0.79166667 | G109: =IF($E109="","空卡",IF($F109="","单卡","正常")) | H109: =IF($G109="正常",ROUND(($F109-$E109)*1440,0),"") | I109: =IF($G109="正常",$H109/60,"") | J109: =IF($G109="正常",ROUND($H109/30,0)/2,"") | K109: =IF($G109="正常",MIN($J109,12),"") | L109: =IF($G109="正常",MAX($J109-12,0),"")
A110: 熊其容 | B110: 8/16 | C110: 日 | G110: =IF($E110="","空卡",IF($F110="","单卡","正常")) | H110: =IF($G110="正常",ROUND(($F110-$E110)*1440,0),"") | I110: =IF($G110="正常",$H110/60,"") | J110: =IF($G110="正常",ROUND($H110/30,0)/2,"") | K110: =IF($G110="正常",MIN($J110,12),"") | L110: =IF($G110="正常",MAX($J110-12,0),"")
A111: 熊其容 | B111: 8/17 | C111: 一 | D111: 07:56 19:56 | E111: 0.33055556 | F111: 0.83055556 | G111: =IF($E111="","空卡",IF($F111="","单卡","正常")) | H111: =IF($G111="正常",ROUND(($F111-$E111)*1440,0),"") | I111: =IF($G111="正常",$H111/60,"") | J111: =IF($G111="正常",ROUND($H111/30,0)/2,"") | K111: =IF($G111="正常",MIN($J111,12),"") | L111: =IF($G111="正常",MAX($J111-12,0),"")
...

Sheet 口径说明
A1: 2026年8月考勤核算口径与公式说明
A3: 一、核算口径（已用7月数据验证：45人中白班40人、加班41人完全吻合）
A4: 1. 上班天数：当日首末卡齐全（状态=正常）记 1 天；单卡、空卡不计，留白待人工补卡
A5: 2. 当日跨度(分钟) = ROUND((末卡 − 首卡) × 1440, 0) —— 先化成整数分钟再算，避免浮点误差
A6: 3. 取整工时 = ROUND(跨度分钟 ÷ 30, 0) ÷ 2 —— 四舍五入到 0.5 小时（30分钟为一个单位）
A7: 4. 白班 = MIN(取整工时, 12)：每天最多计 12 小时白班
A8: 5. 加班 = MAX(取整工时 − 12, 0)：超出 12 小时的部分才算加班
A9: 6. 月合计 = 白班合计 + 加班合计
A11: 二、每日明细公式（第2行为例，向下填充）
A12: 状态 G2 = IF($E2="","空卡",IF($F2="","单卡","正常"))
A13: 跨度(分) H2 = IF($G2="正常",ROUND(($F2-$E2)*1440,0),"")
A14: 跨度(h) I2 = IF($G2="正常",$H2/60,"")
... A34: 先 ROUND(×1440) 得到整数分钟，整数÷30 在边界处（如 735÷30=24.5）是精确值， ROUND 才稳定。
